{
    "transient_time": 10.0,
    "timestamp": "2025-11-14 17:25:30",
    "statistics": {
        "UAV_2_to_1": {
            "mean": 0.5657283675024146,
            "variance": 0.023327018201858785,
            "std": 0.15273185064634942,
            "num_samples": 5800
        },
        "UAV_3_to_1": {
            "mean": 0.5489965973445126,
            "variance": 0.0369362025629136,
            "std": 0.19218793552903782,
            "num_samples": 5800
        },
        "UAV_4_to_1": {
            "mean": 0.4770460236998889,
            "variance": 0.04280173353222463,
            "std": 0.20688579828549042,
            "num_samples": 5800
        },
        "UAV_5_to_1": {
            "mean": 0.3494175439980437,
            "variance": 0.023242159339829184,
            "std": 0.1524537941142469,
            "num_samples": 5800
        },
        "UAV_6_to_1": {
            "mean": 0.3486633480755532,
            "variance": 0.0257220746850054,
            "std": 0.1603810296918105,
            "num_samples": 5800
        }
    }
}