{
    "transient_time": 10.0,
    "timestamp": "2025-11-14 17:24:35",
    "statistics": {
        "UAV_2_to_1": {
            "mean": 0.40119122081365965,
            "variance": 0.02296610688905352,
            "std": 0.15154572540673497,
            "num_samples": 5800
        },
        "UAV_3_to_1": {
            "mean": 0.2040903941728566,
            "variance": 0.011540749917815514,
            "std": 0.10742788240403658,
            "num_samples": 5800
        },
        "UAV_4_to_1": {
            "mean": 0.6624083330415277,
            "variance": 0.04136541009964089,
            "std": 0.20338488168898122,
            "num_samples": 5800
        },
        "UAV_5_to_1": {
            "mean": 0.6430370928104481,
            "variance": 0.017316744457926452,
            "std": 0.13159310186300213,
            "num_samples": 5800
        },
        "UAV_6_to_1": {
            "mean": 0.4856412276612833,
            "variance": 0.0411175306699205,
            "std": 0.2027745809265069,
            "num_samples": 5800
        }
    }
}