{
    "transient_time": 10.0,
    "timestamp": "2025-11-14 17:13:19",
    "statistics": {
        "UAV_2_to_1": {
            "mean": 0.2465841766584838,
            "variance": 0.013035026841429789,
            "std": 0.11417104204407433,
            "num_samples": 5800
        },
        "UAV_3_to_1": {
            "mean": 0.39335462721792064,
            "variance": 0.03571087982547771,
            "std": 0.1889732251549878,
            "num_samples": 5800
        },
        "UAV_4_to_1": {
            "mean": 0.36170290055663923,
            "variance": 0.030569736944744245,
            "std": 0.17484203426162784,
            "num_samples": 5800
        },
        "UAV_5_to_1": {
            "mean": 0.2042124580309653,
            "variance": 0.016094438246985036,
            "std": 0.12686385713427223,
            "num_samples": 5800
        },
        "UAV_6_to_1": {
            "mean": 0.7263428687389468,
            "variance": 0.1097274981254303,
            "std": 0.3312514122617899,
            "num_samples": 5800
        }
    }
}