{
    "transient_time": 10.0,
    "timestamp": "2025-11-14 17:22:18",
    "statistics": {
        "UAV_2_to_1": {
            "mean": 0.4411450057957704,
            "variance": 0.031328173756439384,
            "std": 0.17699766596325328,
            "num_samples": 5800
        },
        "UAV_3_to_1": {
            "mean": 0.5305017061996388,
            "variance": 0.09841315608246369,
            "std": 0.3137087121558209,
            "num_samples": 5800
        },
        "UAV_4_to_1": {
            "mean": 0.5890940947610145,
            "variance": 0.05127608238403928,
            "std": 0.22644222747544082,
            "num_samples": 5800
        },
        "UAV_5_to_1": {
            "mean": 0.9656695302182787,
            "variance": 0.24328526896153438,
            "std": 0.4932395654867261,
            "num_samples": 5800
        },
        "UAV_6_to_1": {
            "mean": 0.8283912011944924,
            "variance": 0.1308690863685253,
            "std": 0.361758325914588,
            "num_samples": 5800
        }
    }
}