{
    "transient_time": 10.0,
    "timestamp": "2025-11-26 10:55:54",
    "statistics": {
        "UAV_2_to_1": {
            "mean": 0.28612556266129513,
            "variance": 0.020977406526818343,
            "std": 0.14483579159454454,
            "num_samples": 5800
        },
        "UAV_3_to_1": {
            "mean": 0.3292582747480641,
            "variance": 0.01551884892664163,
            "std": 0.12457467209124666,
            "num_samples": 5800
        },
        "UAV_4_to_1": {
            "mean": 0.45497598816430956,
            "variance": 0.027753928534291136,
            "std": 0.16659510357237736,
            "num_samples": 5800
        },
        "UAV_5_to_1": {
            "mean": 0.3850257901323061,
            "variance": 0.02252556072326523,
            "std": 0.1500851782264499,
            "num_samples": 5800
        },
        "UAV_6_to_1": {
            "mean": 0.2931488120950998,
            "variance": 0.01170895140621962,
            "std": 0.10820790824251073,
            "num_samples": 5800
        }
    }
}