{
    "transient_time": 10.0,
    "timestamp": "2025-11-14 21:53:20",
    "statistics": {
        "UAV_2_to_1": {
            "mean": 0.7805806745086283,
            "variance": 0.12755705520901675,
            "std": 0.35715130576412113,
            "num_samples": 5800
        },
        "UAV_3_to_1": {
            "mean": 0.5655378862926189,
            "variance": 0.08233881063352108,
            "std": 0.28694740046482575,
            "num_samples": 5800
        },
        "UAV_4_to_1": {
            "mean": 0.7253735634211664,
            "variance": 0.2296606435052324,
            "std": 0.4792292181255567,
            "num_samples": 5800
        },
        "UAV_5_to_1": {
            "mean": 0.9686258208760247,
            "variance": 0.31092146541372223,
            "std": 0.5576033226351169,
            "num_samples": 5800
        },
        "UAV_6_to_1": {
            "mean": 0.8420991089921072,
            "variance": 0.25808102714446285,
            "std": 0.5080167587240236,
            "num_samples": 5800
        }
    }
}