{
    "transient_time": 10.0,
    "timestamp": "2025-11-14 21:08:12",
    "statistics": {
        "UAV_2_to_1": {
            "mean": 0.566831818209686,
            "variance": 0.058941639102893205,
            "std": 0.24277899230142053,
            "num_samples": 5800
        },
        "UAV_3_to_1": {
            "mean": 0.42577286148566207,
            "variance": 0.041155158797019246,
            "std": 0.20286734285492883,
            "num_samples": 5800
        },
        "UAV_4_to_1": {
            "mean": 0.4849145417987308,
            "variance": 0.06759808855696887,
            "std": 0.2599963241220323,
            "num_samples": 5800
        },
        "UAV_5_to_1": {
            "mean": 0.4492760465333544,
            "variance": 0.049411274249100606,
            "std": 0.22228646888441186,
            "num_samples": 5800
        },
        "UAV_6_to_1": {
            "mean": 0.47127810075090965,
            "variance": 0.08802362289817117,
            "std": 0.2966877531988322,
            "num_samples": 5800
        }
    }
}