{
    "transient_time": 10.0,
    "timestamp": "2025-11-26 10:40:46",
    "statistics": {
        "UAV_2_to_1": {
            "mean": 0.4321179772458729,
            "variance": 0.021766573092266265,
            "std": 0.1475349893830825,
            "num_samples": 5800
        },
        "UAV_3_to_1": {
            "mean": 0.3301575742840578,
            "variance": 0.0268770228534198,
            "std": 0.16394213263654892,
            "num_samples": 5800
        },
        "UAV_4_to_1": {
            "mean": 0.32502563035646814,
            "variance": 0.024270145866794383,
            "std": 0.15578878607523194,
            "num_samples": 5800
        },
        "UAV_5_to_1": {
            "mean": 0.1353544075561044,
            "variance": 0.004982481757285465,
            "std": 0.07058669674439699,
            "num_samples": 5800
        },
        "UAV_6_to_1": {
            "mean": 0.23626850336346525,
            "variance": 0.007403437600910622,
            "std": 0.08604323099994922,
            "num_samples": 5800
        }
    }
}