{
    "transient_time": 10.0,
    "timestamp": "2025-11-26 10:40:57",
    "statistics": {
        "UAV_2_to_1": {
            "mean": 0.22156501224864159,
            "variance": 0.008677017470718916,
            "std": 0.09315050977165351,
            "num_samples": 5800
        },
        "UAV_3_to_1": {
            "mean": 0.12699705997255406,
            "variance": 0.004662447886416562,
            "std": 0.06828211981490148,
            "num_samples": 5800
        },
        "UAV_4_to_1": {
            "mean": 0.4223743259871303,
            "variance": 0.0406666473291398,
            "std": 0.20165973155079772,
            "num_samples": 5800
        },
        "UAV_5_to_1": {
            "mean": 0.2143755977178192,
            "variance": 0.011979955036939799,
            "std": 0.1094529809413147,
            "num_samples": 5800
        },
        "UAV_6_to_1": {
            "mean": 0.6354254294405048,
            "variance": 0.09521860979930628,
            "std": 0.30857512829018846,
            "num_samples": 5800
        }
    }
}