{
    "transient_time": 10.0,
    "timestamp": "2025-11-14 21:53:14",
    "statistics": {
        "UAV_2_to_1": {
            "mean": 0.8839773686648986,
            "variance": 0.280207290793954,
            "std": 0.5293460973634868,
            "num_samples": 5800
        },
        "UAV_3_to_1": {
            "mean": 0.5945079468246972,
            "variance": 0.10627074747907053,
            "std": 0.32599194388676317,
            "num_samples": 5800
        },
        "UAV_4_to_1": {
            "mean": 0.5097708936181915,
            "variance": 0.03784829983711774,
            "std": 0.1945463950761302,
            "num_samples": 5800
        },
        "UAV_5_to_1": {
            "mean": 1.0295366151051655,
            "variance": 0.21593204459191667,
            "std": 0.4646848874150274,
            "num_samples": 5800
        },
        "UAV_6_to_1": {
            "mean": 0.6873231838900095,
            "variance": 0.06194435894292666,
            "std": 0.2488862369495884,
            "num_samples": 5800
        }
    }
}