{
    "transient_time": 10.0,
    "timestamp": "2025-11-14 21:09:23",
    "statistics": {
        "UAV_2_to_1": {
            "mean": 0.3172015834288301,
            "variance": 0.017846590406791384,
            "std": 0.13359113146759174,
            "num_samples": 5800
        },
        "UAV_3_to_1": {
            "mean": 0.6366000135400537,
            "variance": 0.041807643169115664,
            "std": 0.20446917412929427,
            "num_samples": 5800
        },
        "UAV_4_to_1": {
            "mean": 0.45585099825697617,
            "variance": 0.03765777114751283,
            "std": 0.19405610309266963,
            "num_samples": 5800
        },
        "UAV_5_to_1": {
            "mean": 0.6092741439276352,
            "variance": 0.058912893689665256,
            "std": 0.24271978429799507,
            "num_samples": 5800
        },
        "UAV_6_to_1": {
            "mean": 0.4817821308292206,
            "variance": 0.057990868405979064,
            "std": 0.24081293238939444,
            "num_samples": 5800
        }
    }
}