{
    "transient_time": 10.0,
    "timestamp": "2025-11-14 21:08:18",
    "statistics": {
        "UAV_2_to_1": {
            "mean": 0.416461333494699,
            "variance": 0.019900835230836564,
            "std": 0.1410703201628059,
            "num_samples": 5800
        },
        "UAV_3_to_1": {
            "mean": 0.2681017749869931,
            "variance": 0.017406126267171695,
            "std": 0.13193227909488903,
            "num_samples": 5800
        },
        "UAV_4_to_1": {
            "mean": 0.548110634694142,
            "variance": 0.07026735107443456,
            "std": 0.26507989564362394,
            "num_samples": 5800
        },
        "UAV_5_to_1": {
            "mean": 0.5615621695023926,
            "variance": 0.06707312938522789,
            "std": 0.258984805317277,
            "num_samples": 5800
        },
        "UAV_6_to_1": {
            "mean": 1.0078227394727524,
            "variance": 0.07051616136114963,
            "std": 0.26554879280680155,
            "num_samples": 5800
        }
    }
}