{
    "transient_time": 10.0,
    "timestamp": "2025-11-14 17:28:55",
    "statistics": {
        "UAV_2_to_1": {
            "mean": 0.41207972638423207,
            "variance": 0.021004614485648877,
            "std": 0.14492968807545567,
            "num_samples": 5800
        },
        "UAV_3_to_1": {
            "mean": 0.5322106079502582,
            "variance": 0.08133399305912889,
            "std": 0.28519115178968807,
            "num_samples": 5800
        },
        "UAV_4_to_1": {
            "mean": 0.5831017300108652,
            "variance": 0.10194346296399162,
            "std": 0.3192858640215561,
            "num_samples": 5800
        },
        "UAV_5_to_1": {
            "mean": 0.5337454006226203,
            "variance": 0.12812165536296938,
            "std": 0.3579408545597574,
            "num_samples": 5800
        },
        "UAV_6_to_1": {
            "mean": 1.0196430689044487,
            "variance": 0.12486653303778247,
            "std": 0.353364589394272,
            "num_samples": 5800
        }
    }
}