{
    "transient_time": 10.0,
    "timestamp": "2025-11-25 20:21:11",
    "statistics": {
        "UAV_2_to_1": {
            "mean": 0.44034459131808246,
            "variance": 0.033740849179126065,
            "std": 0.18368682364047254,
            "num_samples": 5800
        },
        "UAV_3_to_1": {
            "mean": 0.34671539155821046,
            "variance": 0.01309894390652413,
            "std": 0.11445061776383791,
            "num_samples": 5800
        },
        "UAV_4_to_1": {
            "mean": 0.2787623964228142,
            "variance": 0.015123796155165275,
            "std": 0.12297884433985089,
            "num_samples": 5800
        },
        "UAV_5_to_1": {
            "mean": 0.15046672040233675,
            "variance": 0.006588547287461818,
            "std": 0.08116986686857272,
            "num_samples": 5800
        },
        "UAV_6_to_1": {
            "mean": 0.36182106538072606,
            "variance": 0.023307806568250343,
            "std": 0.1526689443477302,
            "num_samples": 5800
        }
    }
}