{
    "transient_time": 10.0,
    "timestamp": "2025-11-14 21:09:13",
    "statistics": {
        "UAV_2_to_1": {
            "mean": 0.3780450217484721,
            "variance": 0.057410571320763756,
            "std": 0.23960503191870525,
            "num_samples": 5800
        },
        "UAV_3_to_1": {
            "mean": 0.5091984275836435,
            "variance": 0.03496037078751132,
            "std": 0.1869769258157576,
            "num_samples": 5800
        },
        "UAV_4_to_1": {
            "mean": 0.3003892531672247,
            "variance": 0.016842717191482677,
            "std": 0.1297794944954043,
            "num_samples": 5800
        },
        "UAV_5_to_1": {
            "mean": 0.49755136472396927,
            "variance": 0.11629767922489777,
            "std": 0.34102445546455723,
            "num_samples": 5800
        },
        "UAV_6_to_1": {
            "mean": 0.26262467502256687,
            "variance": 0.01321874224910682,
            "std": 0.11497278916816284,
            "num_samples": 5800
        }
    }
}