{
    "transient_time": 10.0,
    "timestamp": "2025-11-14 21:09:05",
    "statistics": {
        "UAV_2_to_1": {
            "mean": 0.5014445498946377,
            "variance": 0.04375445610311951,
            "std": 0.20917565848616207,
            "num_samples": 5800
        },
        "UAV_3_to_1": {
            "mean": 0.20222571174441503,
            "variance": 0.01780084832961623,
            "std": 0.1334198198530347,
            "num_samples": 5800
        },
        "UAV_4_to_1": {
            "mean": 0.3198317986058298,
            "variance": 0.02084910552563831,
            "std": 0.14439219343731263,
            "num_samples": 5800
        },
        "UAV_5_to_1": {
            "mean": 0.47570970140172236,
            "variance": 0.03543642286493946,
            "std": 0.1882456450092258,
            "num_samples": 5800
        },
        "UAV_6_to_1": {
            "mean": 0.30165967114164693,
            "variance": 0.020669139657105876,
            "std": 0.14376765859227825,
            "num_samples": 5800
        }
    }
}