{
    "transient_time": 10.0,
    "timestamp": "2025-11-25 21:08:23",
    "statistics": {
        "UAV_2_to_1": {
            "mean": 0.28764923390182395,
            "variance": 0.009009207145272796,
            "std": 0.09491684331704671,
            "num_samples": 5800
        },
        "UAV_3_to_1": {
            "mean": 0.12808471424954979,
            "variance": 0.0045598381493817996,
            "std": 0.06752657365350177,
            "num_samples": 5800
        },
        "UAV_4_to_1": {
            "mean": 0.5021942170028044,
            "variance": 0.03467100723507249,
            "std": 0.18620152318139746,
            "num_samples": 5800
        },
        "UAV_5_to_1": {
            "mean": 0.340829780114444,
            "variance": 0.02066265088553834,
            "std": 0.14374508995279922,
            "num_samples": 5800
        },
        "UAV_6_to_1": {
            "mean": 0.6201372722191596,
            "variance": 0.07604057519825178,
            "std": 0.2757545560788648,
            "num_samples": 5800
        }
    }
}