{
    "transient_time": 10.0,
    "timestamp": "2025-11-25 15:30:51",
    "statistics": {
        "UAV_2_to_1": {
            "mean": 0.3489386866247427,
            "variance": 0.04620190446788119,
            "std": 0.2149462827496237,
            "num_samples": 5800
        },
        "UAV_3_to_1": {
            "mean": 0.29168146104547604,
            "variance": 0.036343289164633974,
            "std": 0.19063915957807298,
            "num_samples": 5800
        },
        "UAV_4_to_1": {
            "mean": 0.32031110900438603,
            "variance": 0.020902070694514233,
            "std": 0.14457548441735976,
            "num_samples": 5800
        },
        "UAV_5_to_1": {
            "mean": 0.41257992524498105,
            "variance": 0.017326221366947926,
            "std": 0.1316291053184968,
            "num_samples": 5800
        },
        "UAV_6_to_1": {
            "mean": 0.8979692544136604,
            "variance": 0.06889361139246945,
            "std": 0.2624759253578687,
            "num_samples": 5800
        }
    }
}