{
    "transient_time": 10.0,
    "timestamp": "2025-11-26 19:02:20",
    "statistics": {
        "UAV_2_to_1": {
            "mean": 0.14987883980110042,
            "variance": 0.00519938607448974,
            "std": 0.07210676857611732,
            "num_samples": 5800
        },
        "UAV_3_to_1": {
            "mean": 0.09439850474665275,
            "variance": 0.0021094721187363843,
            "std": 0.045928989959897706,
            "num_samples": 5800
        },
        "UAV_4_to_1": {
            "mean": 0.20934100574655778,
            "variance": 0.009754129772749693,
            "std": 0.0987629979939334,
            "num_samples": 5800
        },
        "UAV_5_to_1": {
            "mean": 0.0795484016035448,
            "variance": 0.0009242346713696686,
            "std": 0.030401228122720118,
            "num_samples": 5800
        },
        "UAV_6_to_1": {
            "mean": 0.1584862501140933,
            "variance": 0.007167439832796997,
            "std": 0.08466073371284351,
            "num_samples": 5800
        }
    }
}