{
    "transient_time": 10.0,
    "timestamp": "2025-11-26 10:43:49",
    "statistics": {
        "UAV_2_to_1": {
            "mean": 0.40015255161230723,
            "variance": 0.02696079332368978,
            "std": 0.16419742179367428,
            "num_samples": 5800
        },
        "UAV_3_to_1": {
            "mean": 0.30417483035272486,
            "variance": 0.014512521868937506,
            "std": 0.12046792879823869,
            "num_samples": 5800
        },
        "UAV_4_to_1": {
            "mean": 0.4146847243983806,
            "variance": 0.023366043072887404,
            "std": 0.1528595534236817,
            "num_samples": 5800
        },
        "UAV_5_to_1": {
            "mean": 0.39560180963535396,
            "variance": 0.019729237654115495,
            "std": 0.1404608046898333,
            "num_samples": 5800
        },
        "UAV_6_to_1": {
            "mean": 0.5579090724535876,
            "variance": 0.06451793048585536,
            "std": 0.25400380014057933,
            "num_samples": 5800
        }
    }
}