{
    "transient_time": 10.0,
    "timestamp": "2025-11-28 18:16:33",
    "statistics": {
        "UAV_2_to_1": {
            "mean": 0.1693793630935462,
            "variance": 0.007621360072803572,
            "std": 0.08730040133243129,
            "num_samples": 5800
        },
        "UAV_3_to_1": {
            "mean": 0.1654776656746556,
            "variance": 0.009478643289893755,
            "std": 0.09735832419415279,
            "num_samples": 5800
        },
        "UAV_4_to_1": {
            "mean": 0.19173117559442446,
            "variance": 0.007518720769592865,
            "std": 0.08671055742868261,
            "num_samples": 5800
        },
        "UAV_5_to_1": {
            "mean": 0.1780661372009044,
            "variance": 0.005917380587490608,
            "std": 0.07692451226683604,
            "num_samples": 5800
        },
        "UAV_6_to_1": {
            "mean": 0.24180860297128584,
            "variance": 0.013297648268574064,
            "std": 0.11531542944712153,
            "num_samples": 5800
        }
    }
}