{
    "transient_time": 10.0,
    "timestamp": "2025-11-14 20:41:57",
    "statistics": {
        "UAV_2_to_1": {
            "mean": 0.5408845793238175,
            "variance": 0.11207458038856007,
            "std": 0.3347754178379292,
            "num_samples": 5800
        },
        "UAV_3_to_1": {
            "mean": 0.5064480888461793,
            "variance": 0.03505412886464546,
            "std": 0.18722747892509117,
            "num_samples": 5800
        },
        "UAV_4_to_1": {
            "mean": 0.4949140673566953,
            "variance": 0.0314343477368359,
            "std": 0.17729734272356115,
            "num_samples": 5800
        },
        "UAV_5_to_1": {
            "mean": 0.4787861835312797,
            "variance": 0.024227118743774295,
            "std": 0.15565063039954027,
            "num_samples": 5800
        },
        "UAV_6_to_1": {
            "mean": 0.5861391978202034,
            "variance": 0.08589091240746882,
            "std": 0.29307151415220967,
            "num_samples": 5800
        }
    }
}