{
    "transient_time": 10.0,
    "timestamp": "2025-11-25 15:31:17",
    "statistics": {
        "UAV_2_to_1": {
            "mean": 0.5145369775786954,
            "variance": 0.058789319357578765,
            "std": 0.24246508894597335,
            "num_samples": 5800
        },
        "UAV_3_to_1": {
            "mean": 0.37413609124399383,
            "variance": 0.01548717548942069,
            "std": 0.12444748084802959,
            "num_samples": 5800
        },
        "UAV_4_to_1": {
            "mean": 0.45181285617722533,
            "variance": 0.04428281092679103,
            "std": 0.21043481396097707,
            "num_samples": 5800
        },
        "UAV_5_to_1": {
            "mean": 0.4809048032440097,
            "variance": 0.026728434729092792,
            "std": 0.16348833208854016,
            "num_samples": 5800
        },
        "UAV_6_to_1": {
            "mean": 1.0277887849157763,
            "variance": 0.14665754713669318,
            "std": 0.3829589366194412,
            "num_samples": 5800
        }
    }
}