{
    "transient_time": 10.0,
    "timestamp": "2025-11-14 17:29:50",
    "statistics": {
        "UAV_2_to_1": {
            "mean": 0.3740254589096423,
            "variance": 0.07256583944083073,
            "std": 0.26938047338445065,
            "num_samples": 5800
        },
        "UAV_3_to_1": {
            "mean": 0.6800526304661593,
            "variance": 0.0612645421439997,
            "std": 0.2475167512391832,
            "num_samples": 5800
        },
        "UAV_4_to_1": {
            "mean": 0.6050968439116493,
            "variance": 0.04912651701172769,
            "std": 0.2216450247845137,
            "num_samples": 5800
        },
        "UAV_5_to_1": {
            "mean": 0.7329935768133892,
            "variance": 0.09699830903194624,
            "std": 0.3114455153505124,
            "num_samples": 5800
        },
        "UAV_6_to_1": {
            "mean": 0.6062416366732729,
            "variance": 0.2011183899188064,
            "std": 0.4484622502717552,
            "num_samples": 5800
        }
    }
}