{
    "transient_time": 10.0,
    "timestamp": "2025-11-25 21:05:19",
    "statistics": {
        "UAV_2_to_1": {
            "mean": 0.36557171990120463,
            "variance": 0.03569415387021235,
            "std": 0.188928965143549,
            "num_samples": 5800
        },
        "UAV_3_to_1": {
            "mean": 0.3232765699793967,
            "variance": 0.02467384664023998,
            "std": 0.1570791094965845,
            "num_samples": 5800
        },
        "UAV_4_to_1": {
            "mean": 0.19270881588144717,
            "variance": 0.008260979326669665,
            "std": 0.0908899297318997,
            "num_samples": 5800
        },
        "UAV_5_to_1": {
            "mean": 0.24872508752281297,
            "variance": 0.008673556475967641,
            "std": 0.09313193048556248,
            "num_samples": 5800
        },
        "UAV_6_to_1": {
            "mean": 0.40733676354679965,
            "variance": 0.04896301152393445,
            "std": 0.22127587198773943,
            "num_samples": 5800
        }
    }
}