{
    "transient_time": 10.0,
    "timestamp": "2025-11-21 16:27:26",
    "statistics": {
        "UAV_2_to_1": {
            "mean": 0.4545636225086024,
            "variance": 0.062212481295624976,
            "std": 0.2494242997296474,
            "num_samples": 5800
        },
        "UAV_3_to_1": {
            "mean": 0.44972008829263077,
            "variance": 0.048966695033147455,
            "std": 0.2212841951725144,
            "num_samples": 5800
        },
        "UAV_4_to_1": {
            "mean": 0.2853355560574955,
            "variance": 0.022430528294133844,
            "std": 0.14976824861810278,
            "num_samples": 5800
        },
        "UAV_5_to_1": {
            "mean": 0.5513913667958321,
            "variance": 0.08227146452586694,
            "std": 0.28683002723889794,
            "num_samples": 5800
        },
        "UAV_6_to_1": {
            "mean": 0.5250120941837549,
            "variance": 0.047309203392370866,
            "std": 0.21750678930178446,
            "num_samples": 5800
        }
    }
}