{
    "transient_time": 10.0,
    "timestamp": "2025-11-28 18:16:22",
    "statistics": {
        "UAV_2_to_1": {
            "mean": 0.1466171591738537,
            "variance": 0.005138061742824479,
            "std": 0.07168027443323916,
            "num_samples": 5800
        },
        "UAV_3_to_1": {
            "mean": 0.15365057739292076,
            "variance": 0.005545743810227821,
            "std": 0.07446975097465965,
            "num_samples": 5800
        },
        "UAV_4_to_1": {
            "mean": 0.19139916499009343,
            "variance": 0.00848167280745657,
            "std": 0.09209599778196971,
            "num_samples": 5800
        },
        "UAV_5_to_1": {
            "mean": 0.14349989548374745,
            "variance": 0.005551165084057371,
            "std": 0.07450614125062022,
            "num_samples": 5800
        },
        "UAV_6_to_1": {
            "mean": 0.2340588615815506,
            "variance": 0.009401705925630109,
            "std": 0.09696239438890786,
            "num_samples": 5800
        }
    }
}