{
    "transient_time": 10.0,
    "timestamp": "2025-11-14 17:22:35",
    "statistics": {
        "UAV_2_to_1": {
            "mean": 0.8288477749368883,
            "variance": 0.23506433142705296,
            "std": 0.48483433400188664,
            "num_samples": 5800
        },
        "UAV_3_to_1": {
            "mean": 0.29833363744446667,
            "variance": 0.01823815122873293,
            "std": 0.1350486994707203,
            "num_samples": 5800
        },
        "UAV_4_to_1": {
            "mean": 0.32032647562674743,
            "variance": 0.026539318457201092,
            "std": 0.16290892688002426,
            "num_samples": 5800
        },
        "UAV_5_to_1": {
            "mean": 0.27714150906713875,
            "variance": 0.018822461146261342,
            "std": 0.13719497493079455,
            "num_samples": 5800
        },
        "UAV_6_to_1": {
            "mean": 0.3738831608903503,
            "variance": 0.042949347194207,
            "std": 0.20724224278415584,
            "num_samples": 5800
        }
    }
}