{
    "transient_time": 10.0,
    "timestamp": "2025-11-14 17:29:34",
    "statistics": {
        "UAV_2_to_1": {
            "mean": 0.6784393324871605,
            "variance": 0.05898238015597887,
            "std": 0.24286288344656304,
            "num_samples": 5800
        },
        "UAV_3_to_1": {
            "mean": 0.2904414740046753,
            "variance": 0.013019426616922193,
            "std": 0.11410270205793635,
            "num_samples": 5800
        },
        "UAV_4_to_1": {
            "mean": 0.34498087769662733,
            "variance": 0.027614445686691875,
            "std": 0.16617594797891744,
            "num_samples": 5800
        },
        "UAV_5_to_1": {
            "mean": 0.45171449240024075,
            "variance": 0.05515966066813757,
            "std": 0.23486093900037439,
            "num_samples": 5800
        },
        "UAV_6_to_1": {
            "mean": 0.6479493178469835,
            "variance": 0.06878093242305748,
            "std": 0.26226119122557473,
            "num_samples": 5800
        }
    }
}