{
    "transient_time": 10.0,
    "timestamp": "2025-11-25 21:08:54",
    "statistics": {
        "UAV_2_to_1": {
            "mean": 0.3200349554698916,
            "variance": 0.010804595674481039,
            "std": 0.10394515705159639,
            "num_samples": 5800
        },
        "UAV_3_to_1": {
            "mean": 0.22327162458394076,
            "variance": 0.007822497242682485,
            "std": 0.08844488251268405,
            "num_samples": 5800
        },
        "UAV_4_to_1": {
            "mean": 0.32452876442807504,
            "variance": 0.02358048212773982,
            "std": 0.15355937655428215,
            "num_samples": 5800
        },
        "UAV_5_to_1": {
            "mean": 0.35033366028738283,
            "variance": 0.01245710457010436,
            "std": 0.11161139982145354,
            "num_samples": 5800
        },
        "UAV_6_to_1": {
            "mean": 0.3752741878070939,
            "variance": 0.030311861355667505,
            "std": 0.1741030193755051,
            "num_samples": 5800
        }
    }
}