{
    "transient_time": 10.0,
    "timestamp": "2025-11-14 17:48:21",
    "statistics": {
        "UAV_2_to_1": {
            "mean": 0.47045202399456937,
            "variance": 0.0500181090523098,
            "std": 0.2236472871561598,
            "num_samples": 5800
        },
        "UAV_3_to_1": {
            "mean": 0.2660496980044709,
            "variance": 0.018220632144840133,
            "std": 0.13498382178928012,
            "num_samples": 5800
        },
        "UAV_4_to_1": {
            "mean": 0.510919152834149,
            "variance": 0.049756975618989084,
            "std": 0.2230627167838433,
            "num_samples": 5800
        },
        "UAV_5_to_1": {
            "mean": 0.26801063555794824,
            "variance": 0.02094108615221664,
            "std": 0.14471035260898454,
            "num_samples": 5800
        },
        "UAV_6_to_1": {
            "mean": 0.6767265271352405,
            "variance": 0.1948445677756381,
            "std": 0.4414120158940376,
            "num_samples": 5800
        }
    }
}