{
    "transient_time": 10.0,
    "timestamp": "2025-11-14 17:29:10",
    "statistics": {
        "UAV_2_to_1": {
            "mean": 1.3127406033423967,
            "variance": 0.19611856767868655,
            "std": 0.4428527607215366,
            "num_samples": 5800
        },
        "UAV_3_to_1": {
            "mean": 0.3294161192270022,
            "variance": 0.0196477345741736,
            "std": 0.14017037694953097,
            "num_samples": 5800
        },
        "UAV_4_to_1": {
            "mean": 0.2955001446939542,
            "variance": 0.020476825403536,
            "std": 0.1430972585465424,
            "num_samples": 5800
        },
        "UAV_5_to_1": {
            "mean": 0.5741393245819602,
            "variance": 0.09796004740316205,
            "std": 0.3129856984003615,
            "num_samples": 5800
        },
        "UAV_6_to_1": {
            "mean": 0.6155133414421041,
            "variance": 0.03422170963109262,
            "std": 0.18499110689731174,
            "num_samples": 5800
        }
    }
}