{
    "transient_time": 10.0,
    "timestamp": "2025-11-25 20:21:01",
    "statistics": {
        "UAV_2_to_1": {
            "mean": 0.2662813686104181,
            "variance": 0.010474190755123085,
            "std": 0.10234349395600624,
            "num_samples": 5800
        },
        "UAV_3_to_1": {
            "mean": 0.2973131545919043,
            "variance": 0.026901663141003354,
            "std": 0.16401726476503428,
            "num_samples": 5800
        },
        "UAV_4_to_1": {
            "mean": 0.6921135164392025,
            "variance": 0.05747903562489265,
            "std": 0.23974785843650961,
            "num_samples": 5800
        },
        "UAV_5_to_1": {
            "mean": 0.3026888756443414,
            "variance": 0.016363291265357547,
            "std": 0.12791908092758308,
            "num_samples": 5800
        },
        "UAV_6_to_1": {
            "mean": 0.5705440274794275,
            "variance": 0.08173494656502668,
            "std": 0.2858932433007585,
            "num_samples": 5800
        }
    }
}