{
    "transient_time": 10.0,
    "timestamp": "2025-11-25 20:46:11",
    "statistics": {
        "UAV_2_to_1": {
            "mean": 0.19461587185187312,
            "variance": 0.009813284295017828,
            "std": 0.09906202246581597,
            "num_samples": 5800
        },
        "UAV_3_to_1": {
            "mean": 0.4432202835380657,
            "variance": 0.03027600476201322,
            "std": 0.1740000136839455,
            "num_samples": 5800
        },
        "UAV_4_to_1": {
            "mean": 0.451764870873966,
            "variance": 0.03545072319739714,
            "std": 0.18828362434741142,
            "num_samples": 5800
        },
        "UAV_5_to_1": {
            "mean": 0.31624015822556173,
            "variance": 0.007562139434089624,
            "std": 0.086960562521695,
            "num_samples": 5800
        },
        "UAV_6_to_1": {
            "mean": 0.34360469199477034,
            "variance": 0.04468446623809422,
            "std": 0.2113870058402224,
            "num_samples": 5800
        }
    }
}