{
    "transient_time": 10.0,
    "timestamp": "2025-11-25 21:08:38",
    "statistics": {
        "UAV_2_to_1": {
            "mean": 0.29875048750696176,
            "variance": 0.018780789143730305,
            "std": 0.13704301931776863,
            "num_samples": 5800
        },
        "UAV_3_to_1": {
            "mean": 0.1923353458366009,
            "variance": 0.009069815183163315,
            "std": 0.09523557729736988,
            "num_samples": 5800
        },
        "UAV_4_to_1": {
            "mean": 0.42550614286436467,
            "variance": 0.029907041042439856,
            "std": 0.17293652315933686,
            "num_samples": 5800
        },
        "UAV_5_to_1": {
            "mean": 0.3308765382639551,
            "variance": 0.039078441642431336,
            "std": 0.1976826791664645,
            "num_samples": 5800
        },
        "UAV_6_to_1": {
            "mean": 0.3654202064054284,
            "variance": 0.02221778828124473,
            "std": 0.14905632586792394,
            "num_samples": 5800
        }
    }
}