{
    "transient_time": 10.0,
    "timestamp": "2025-11-25 20:20:14",
    "statistics": {
        "UAV_2_to_1": {
            "mean": 0.39551126323962216,
            "variance": 0.06734679272598627,
            "std": 0.25951260610225907,
            "num_samples": 5800
        },
        "UAV_3_to_1": {
            "mean": 0.23423099412955994,
            "variance": 0.0191623116421263,
            "std": 0.13842800165474578,
            "num_samples": 5800
        },
        "UAV_4_to_1": {
            "mean": 0.31384409024778126,
            "variance": 0.03681959151531636,
            "std": 0.19188431805469763,
            "num_samples": 5800
        },
        "UAV_5_to_1": {
            "mean": 0.2558154650978893,
            "variance": 0.025077218613285747,
            "std": 0.15835788143722354,
            "num_samples": 5800
        },
        "UAV_6_to_1": {
            "mean": 0.49698375114377,
            "variance": 0.08308601160011127,
            "std": 0.2882464424760716,
            "num_samples": 5800
        }
    }
}