{
    "transient_time": 10.0,
    "timestamp": "2025-11-14 17:12:54",
    "statistics": {
        "UAV_2_to_1": {
            "mean": 0.5408662859277737,
            "variance": 0.08468105790808221,
            "std": 0.29100009949840605,
            "num_samples": 5800
        },
        "UAV_3_to_1": {
            "mean": 0.352092660362123,
            "variance": 0.025382017587753252,
            "std": 0.15931734867161595,
            "num_samples": 5800
        },
        "UAV_4_to_1": {
            "mean": 0.8475417598712116,
            "variance": 0.0839212671070902,
            "std": 0.28969167593683154,
            "num_samples": 5800
        },
        "UAV_5_to_1": {
            "mean": 0.4413454850029279,
            "variance": 0.030617611985729477,
            "std": 0.17497889011457776,
            "num_samples": 5800
        },
        "UAV_6_to_1": {
            "mean": 1.106475150108809,
            "variance": 0.2199715904285348,
            "std": 0.4690112902996417,
            "num_samples": 5800
        }
    }
}