{
    "transient_time": 10.0,
    "timestamp": "2025-11-26 15:37:59",
    "statistics": {
        "UAV_2_to_1": {
            "mean": 0.1489551615753007,
            "variance": 0.005552441214199257,
            "std": 0.07451470468437259,
            "num_samples": 5800
        },
        "UAV_3_to_1": {
            "mean": 0.13265824659232714,
            "variance": 0.004259606748924329,
            "std": 0.06526566286282802,
            "num_samples": 5800
        },
        "UAV_4_to_1": {
            "mean": 0.18634075192313604,
            "variance": 0.008296319531313812,
            "std": 0.09108413435562646,
            "num_samples": 5800
        },
        "UAV_5_to_1": {
            "mean": 0.2349431270940766,
            "variance": 0.009757758385874404,
            "std": 0.09878136659246219,
            "num_samples": 5800
        },
        "UAV_6_to_1": {
            "mean": 0.21740423662792652,
            "variance": 0.012014011263187609,
            "std": 0.10960844521836631,
            "num_samples": 5800
        }
    }
}