{
    "transient_time": 10.0,
    "timestamp": "2025-11-14 22:01:48",
    "statistics": {
        "UAV_2_to_1": {
            "mean": 0.5384818101382927,
            "variance": 0.1901747365131241,
            "std": 0.43609028481855006,
            "num_samples": 5800
        },
        "UAV_3_to_1": {
            "mean": 0.44652181026140647,
            "variance": 0.0555931643418751,
            "std": 0.23578202718162192,
            "num_samples": 5800
        },
        "UAV_4_to_1": {
            "mean": 0.6513669755587748,
            "variance": 0.06873725684300326,
            "std": 0.26217791066945983,
            "num_samples": 5800
        },
        "UAV_5_to_1": {
            "mean": 0.5683065841780907,
            "variance": 0.06369924711222558,
            "std": 0.2523870977530856,
            "num_samples": 5800
        },
        "UAV_6_to_1": {
            "mean": 0.5649245445770684,
            "variance": 0.04619612861922984,
            "std": 0.21493284676668162,
            "num_samples": 5800
        }
    }
}