{
    "transient_time": 10.0,
    "timestamp": "2025-11-14 17:22:59",
    "statistics": {
        "UAV_2_to_1": {
            "mean": 0.41142590386852085,
            "variance": 0.028876951517347774,
            "std": 0.16993219682375607,
            "num_samples": 5800
        },
        "UAV_3_to_1": {
            "mean": 0.3576739311301716,
            "variance": 0.025188158281281334,
            "std": 0.15870777637306036,
            "num_samples": 5800
        },
        "UAV_4_to_1": {
            "mean": 0.2844985960394414,
            "variance": 0.018237161072389055,
            "std": 0.1350450334976783,
            "num_samples": 5800
        },
        "UAV_5_to_1": {
            "mean": 0.3394377366183905,
            "variance": 0.07127320882620759,
            "std": 0.2669704268757264,
            "num_samples": 5800
        },
        "UAV_6_to_1": {
            "mean": 0.5348516817975457,
            "variance": 0.10798503065352567,
            "std": 0.32861075857848243,
            "num_samples": 5800
        }
    }
}