{
    "transient_time": 10.0,
    "timestamp": "2025-11-26 15:37:32",
    "statistics": {
        "UAV_2_to_1": {
            "mean": 0.191822555073347,
            "variance": 0.0075441983677456415,
            "std": 0.08685734492687214,
            "num_samples": 5800
        },
        "UAV_3_to_1": {
            "mean": 0.21430204114022897,
            "variance": 0.006638553282368752,
            "std": 0.08147731759433881,
            "num_samples": 5800
        },
        "UAV_4_to_1": {
            "mean": 0.1915161115985483,
            "variance": 0.008480868690548446,
            "std": 0.09209163203325504,
            "num_samples": 5800
        },
        "UAV_5_to_1": {
            "mean": 0.14134520169940837,
            "variance": 0.005083295100075815,
            "std": 0.07129723066203775,
            "num_samples": 5800
        },
        "UAV_6_to_1": {
            "mean": 0.2544715031454817,
            "variance": 0.012790711596806816,
            "std": 0.1130960282096892,
            "num_samples": 5800
        }
    }
}