{
    "transient_time": 10.0,
    "timestamp": "2025-11-14 17:28:48",
    "statistics": {
        "UAV_2_to_1": {
            "mean": 0.33297011131074844,
            "variance": 0.026067744907240276,
            "std": 0.1614550863467617,
            "num_samples": 5800
        },
        "UAV_3_to_1": {
            "mean": 0.2727308979899578,
            "variance": 0.013749667111785466,
            "std": 0.11725897454687836,
            "num_samples": 5800
        },
        "UAV_4_to_1": {
            "mean": 0.4237192947963762,
            "variance": 0.027935855906394837,
            "std": 0.1671402282707393,
            "num_samples": 5800
        },
        "UAV_5_to_1": {
            "mean": 0.31342659421558,
            "variance": 0.027313935284547782,
            "std": 0.1652692811279452,
            "num_samples": 5800
        },
        "UAV_6_to_1": {
            "mean": 0.5379881563453979,
            "variance": 0.09723910343306365,
            "std": 0.31183185121642665,
            "num_samples": 5800
        }
    }
}