{
    "transient_time": 10.0,
    "timestamp": "2025-11-28 18:16:48",
    "statistics": {
        "UAV_2_to_1": {
            "mean": 0.1416183734846109,
            "variance": 0.004652328555890773,
            "std": 0.06820798014815256,
            "num_samples": 5800
        },
        "UAV_3_to_1": {
            "mean": 0.16682529978697663,
            "variance": 0.00668151314990585,
            "std": 0.08174052330335212,
            "num_samples": 5800
        },
        "UAV_4_to_1": {
            "mean": 0.19340576642703447,
            "variance": 0.008381932368059362,
            "std": 0.09155289382678934,
            "num_samples": 5800
        },
        "UAV_5_to_1": {
            "mean": 0.2124921833275213,
            "variance": 0.010690951789155372,
            "std": 0.10339705889992892,
            "num_samples": 5800
        },
        "UAV_6_to_1": {
            "mean": 0.23118621114768076,
            "variance": 0.011713280079302304,
            "std": 0.10822790804271468,
            "num_samples": 5800
        }
    }
}