{
    "transient_time": 10.0,
    "timestamp": "2025-11-14 17:29:18",
    "statistics": {
        "UAV_2_to_1": {
            "mean": 0.3350159039893874,
            "variance": 0.030808667112106624,
            "std": 0.17552397873825282,
            "num_samples": 5800
        },
        "UAV_3_to_1": {
            "mean": 0.6683835166344356,
            "variance": 0.040003901586927335,
            "std": 0.20000975372948024,
            "num_samples": 5800
        },
        "UAV_4_to_1": {
            "mean": 0.5390997621015161,
            "variance": 0.05075082264544619,
            "std": 0.22527943236222472,
            "num_samples": 5800
        },
        "UAV_5_to_1": {
            "mean": 0.41887276729383527,
            "variance": 0.038023294787100974,
            "std": 0.19499562761021327,
            "num_samples": 5800
        },
        "UAV_6_to_1": {
            "mean": 1.1135390214434722,
            "variance": 0.14395781618262873,
            "std": 0.37941773308930715,
            "num_samples": 5800
        }
    }
}