{
    "transient_time": 10.0,
    "timestamp": "2025-11-26 10:56:04",
    "statistics": {
        "UAV_2_to_1": {
            "mean": 0.28112498151322346,
            "variance": 0.01174708760543948,
            "std": 0.10838398223648861,
            "num_samples": 5800
        },
        "UAV_3_to_1": {
            "mean": 0.2384839205437209,
            "variance": 0.008500363076517003,
            "std": 0.09219741361077871,
            "num_samples": 5800
        },
        "UAV_4_to_1": {
            "mean": 0.39056633056295886,
            "variance": 0.019626584010926124,
            "std": 0.14009491072457317,
            "num_samples": 5800
        },
        "UAV_5_to_1": {
            "mean": 0.348796223321846,
            "variance": 0.032780415793682925,
            "std": 0.18105362684487414,
            "num_samples": 5800
        },
        "UAV_6_to_1": {
            "mean": 0.38472088505656044,
            "variance": 0.01420776393397723,
            "std": 0.11919632516976868,
            "num_samples": 5800
        }
    }
}