{
    "transient_time": 10.0,
    "timestamp": "2025-11-14 22:01:54",
    "statistics": {
        "UAV_2_to_1": {
            "mean": 0.41640890369490574,
            "variance": 0.06029785325074311,
            "std": 0.24555621199787048,
            "num_samples": 5800
        },
        "UAV_3_to_1": {
            "mean": 0.9319405040146783,
            "variance": 0.07828724754525428,
            "std": 0.27979858388714957,
            "num_samples": 5800
        },
        "UAV_4_to_1": {
            "mean": 0.4981341437885519,
            "variance": 0.025981285840136318,
            "std": 0.16118711437374986,
            "num_samples": 5800
        },
        "UAV_5_to_1": {
            "mean": 0.7258143977035443,
            "variance": 0.07736676062287529,
            "std": 0.2781488102129421,
            "num_samples": 5800
        },
        "UAV_6_to_1": {
            "mean": 0.5000903260714775,
            "variance": 0.06876551860256722,
            "std": 0.26223180318673633,
            "num_samples": 5800
        }
    }
}