{
    "transient_time": 10.0,
    "timestamp": "2025-11-26 10:55:43",
    "statistics": {
        "UAV_2_to_1": {
            "mean": 0.2724577582622267,
            "variance": 0.013846509169204466,
            "std": 0.11767119090586475,
            "num_samples": 5800
        },
        "UAV_3_to_1": {
            "mean": 0.3662669297208415,
            "variance": 0.02035269755997268,
            "std": 0.14266288080637052,
            "num_samples": 5800
        },
        "UAV_4_to_1": {
            "mean": 0.3409627235659136,
            "variance": 0.02266001405215062,
            "std": 0.15053243521630352,
            "num_samples": 5800
        },
        "UAV_5_to_1": {
            "mean": 0.5067632886032023,
            "variance": 0.018586222948666343,
            "std": 0.1363312984925558,
            "num_samples": 5800
        },
        "UAV_6_to_1": {
            "mean": 0.25231304588014536,
            "variance": 0.014629904727366725,
            "std": 0.12095414307648467,
            "num_samples": 5800
        }
    }
}