{
    "transient_time": 10.0,
    "timestamp": "2025-11-25 15:30:33",
    "statistics": {
        "UAV_2_to_1": {
            "mean": 0.4582828910488055,
            "variance": 0.02827807629924226,
            "std": 0.16816086435090138,
            "num_samples": 5800
        },
        "UAV_3_to_1": {
            "mean": 0.3413997886856776,
            "variance": 0.02531043550644886,
            "std": 0.15909253755738784,
            "num_samples": 5800
        },
        "UAV_4_to_1": {
            "mean": 0.3448404102224104,
            "variance": 0.02392558154963957,
            "std": 0.1546789628541631,
            "num_samples": 5800
        },
        "UAV_5_to_1": {
            "mean": 0.23266258308948284,
            "variance": 0.01651809179257111,
            "std": 0.12852272870030076,
            "num_samples": 5800
        },
        "UAV_6_to_1": {
            "mean": 0.5743939163511973,
            "variance": 0.06591617867022963,
            "std": 0.2567414627017413,
            "num_samples": 5800
        }
    }
}