{
    "transient_time": 10.0,
    "timestamp": "2025-11-26 19:02:48",
    "statistics": {
        "UAV_2_to_1": {
            "mean": 0.29170783290035984,
            "variance": 0.014271756229082793,
            "std": 0.11946445592343688,
            "num_samples": 5800
        },
        "UAV_3_to_1": {
            "mean": 0.19185549908991884,
            "variance": 0.0061494339097972065,
            "std": 0.0784183263644233,
            "num_samples": 5800
        },
        "UAV_4_to_1": {
            "mean": 0.21592674687732347,
            "variance": 0.011475550980033214,
            "std": 0.1071239981518297,
            "num_samples": 5800
        },
        "UAV_5_to_1": {
            "mean": 0.32182244596093607,
            "variance": 0.04165807865839344,
            "std": 0.20410310790968725,
            "num_samples": 5800
        },
        "UAV_6_to_1": {
            "mean": 0.3293599497130841,
            "variance": 0.021442248129959623,
            "std": 0.1464317183193574,
            "num_samples": 5800
        }
    }
}