{
    "transient_time": 10.0,
    "timestamp": "2025-11-26 15:37:48",
    "statistics": {
        "UAV_2_to_1": {
            "mean": 0.17011066835279245,
            "variance": 0.006659130985900357,
            "std": 0.08160349861311314,
            "num_samples": 5800
        },
        "UAV_3_to_1": {
            "mean": 0.17873741495813036,
            "variance": 0.004493808844587906,
            "std": 0.06703587729408712,
            "num_samples": 5800
        },
        "UAV_4_to_1": {
            "mean": 0.19760143059184562,
            "variance": 0.009837756418626532,
            "std": 0.09918546475480433,
            "num_samples": 5800
        },
        "UAV_5_to_1": {
            "mean": 0.17865493683612937,
            "variance": 0.006979457500656614,
            "std": 0.08354314753860195,
            "num_samples": 5800
        },
        "UAV_6_to_1": {
            "mean": 0.23224184902404746,
            "variance": 0.014839534273532863,
            "std": 0.1218176271051643,
            "num_samples": 5800
        }
    }
}