{
    "transient_time": 10.0,
    "timestamp": "2025-11-14 17:29:02",
    "statistics": {
        "UAV_2_to_1": {
            "mean": 0.4314834066864794,
            "variance": 0.058683104882246186,
            "std": 0.2422459594755838,
            "num_samples": 5800
        },
        "UAV_3_to_1": {
            "mean": 0.6824984463381452,
            "variance": 0.06182321587968469,
            "std": 0.24864274749062093,
            "num_samples": 5800
        },
        "UAV_4_to_1": {
            "mean": 0.8950468613233152,
            "variance": 0.12089256914806791,
            "std": 0.34769608733499996,
            "num_samples": 5800
        },
        "UAV_5_to_1": {
            "mean": 1.1213849116188126,
            "variance": 0.14810601853731356,
            "std": 0.38484544759853084,
            "num_samples": 5800
        },
        "UAV_6_to_1": {
            "mean": 1.647623725823856,
            "variance": 0.39178118255788374,
            "std": 0.625924262637169,
            "num_samples": 5800
        }
    }
}