{
    "transient_time": 10.0,
    "timestamp": "2025-11-14 17:21:56",
    "statistics": {
        "UAV_2_to_1": {
            "mean": 0.7775168605734214,
            "variance": 0.058905634312674766,
            "std": 0.2427048296031102,
            "num_samples": 5800
        },
        "UAV_3_to_1": {
            "mean": 0.41870246242432774,
            "variance": 0.036018904356943104,
            "std": 0.1897864704264851,
            "num_samples": 5800
        },
        "UAV_4_to_1": {
            "mean": 0.4137374583926071,
            "variance": 0.03166331642376635,
            "std": 0.1779418905816344,
            "num_samples": 5800
        },
        "UAV_5_to_1": {
            "mean": 0.45636797086747877,
            "variance": 0.056517262342427245,
            "std": 0.2377335953171685,
            "num_samples": 5800
        },
        "UAV_6_to_1": {
            "mean": 0.8712535433524976,
            "variance": 0.07585997131957856,
            "std": 0.27542688924572806,
            "num_samples": 5800
        }
    }
}