{
    "transient_time": 10.0,
    "timestamp": "2025-11-14 17:28:28",
    "statistics": {
        "UAV_2_to_1": {
            "mean": 0.7771062061324286,
            "variance": 0.2545731429441818,
            "std": 0.5045524184306144,
            "num_samples": 5800
        },
        "UAV_3_to_1": {
            "mean": 0.18588226810260222,
            "variance": 0.011490419445006977,
            "std": 0.1071933740723137,
            "num_samples": 5800
        },
        "UAV_4_to_1": {
            "mean": 0.2773079649895839,
            "variance": 0.020130860285877423,
            "std": 0.1418832628814175,
            "num_samples": 5800
        },
        "UAV_5_to_1": {
            "mean": 0.2662814373698291,
            "variance": 0.022930899051568327,
            "std": 0.15142951842876715,
            "num_samples": 5800
        },
        "UAV_6_to_1": {
            "mean": 0.6203038571149249,
            "variance": 0.04362627394359435,
            "std": 0.20886903538723578,
            "num_samples": 5800
        }
    }
}