{
    "transient_time": 10.0,
    "timestamp": "2025-11-26 10:41:07",
    "statistics": {
        "UAV_2_to_1": {
            "mean": 0.373571721545929,
            "variance": 0.01199167594708217,
            "std": 0.10950651098031647,
            "num_samples": 5800
        },
        "UAV_3_to_1": {
            "mean": 0.3578217052667484,
            "variance": 0.019698478715142624,
            "std": 0.1403512690186399,
            "num_samples": 5800
        },
        "UAV_4_to_1": {
            "mean": 0.2807525199023846,
            "variance": 0.017439761540111908,
            "std": 0.1320596893079486,
            "num_samples": 5800
        },
        "UAV_5_to_1": {
            "mean": 0.19602152947537602,
            "variance": 0.011108763025321789,
            "std": 0.10539811680159085,
            "num_samples": 5800
        },
        "UAV_6_to_1": {
            "mean": 0.37470291127368494,
            "variance": 0.032356747421814665,
            "std": 0.1798798138252724,
            "num_samples": 5800
        }
    }
}