{
    "transient_time": 10.0,
    "timestamp": "2025-11-26 15:38:59",
    "statistics": {
        "UAV_2_to_1": {
            "mean": 0.1760264538012989,
            "variance": 0.00682190700076478,
            "std": 0.0825948364049762,
            "num_samples": 5800
        },
        "UAV_3_to_1": {
            "mean": 0.1891445389691536,
            "variance": 0.00736021337614729,
            "std": 0.08579168593836638,
            "num_samples": 5800
        },
        "UAV_4_to_1": {
            "mean": 0.18533265750999794,
            "variance": 0.007340666829816285,
            "std": 0.08567769155279736,
            "num_samples": 5800
        },
        "UAV_5_to_1": {
            "mean": 0.2465139675435225,
            "variance": 0.009865436745479907,
            "std": 0.09932490496084004,
            "num_samples": 5800
        },
        "UAV_6_to_1": {
            "mean": 0.20813260153913685,
            "variance": 0.009664870364076627,
            "std": 0.09831007254639082,
            "num_samples": 5800
        }
    }
}