{
    "transient_time": 10.0,
    "timestamp": "2025-11-14 17:29:26",
    "statistics": {
        "UAV_2_to_1": {
            "mean": 0.48933386267088125,
            "variance": 0.05070428408365024,
            "std": 0.2251761179247263,
            "num_samples": 5800
        },
        "UAV_3_to_1": {
            "mean": 0.17843405606811513,
            "variance": 0.010622539322054085,
            "std": 0.10306570390801241,
            "num_samples": 5800
        },
        "UAV_4_to_1": {
            "mean": 0.457405763353359,
            "variance": 0.03536127708709056,
            "std": 0.1880459440857222,
            "num_samples": 5800
        },
        "UAV_5_to_1": {
            "mean": 0.3426930411791939,
            "variance": 0.01917511783052726,
            "std": 0.13847424970198344,
            "num_samples": 5800
        },
        "UAV_6_to_1": {
            "mean": 0.934798559941341,
            "variance": 0.1872589941792476,
            "std": 0.4327343228578565,
            "num_samples": 5800
        }
    }
}