{
    "transient_time": 10.0,
    "timestamp": "2025-11-14 17:19:45",
    "statistics": {
        "UAV_2_to_1": {
            "mean": 0.7213641625099172,
            "variance": 0.05952844481702108,
            "std": 0.2439845175764665,
            "num_samples": 5800
        },
        "UAV_3_to_1": {
            "mean": 0.33726591952165236,
            "variance": 0.027490951614517038,
            "std": 0.16580395536451184,
            "num_samples": 5800
        },
        "UAV_4_to_1": {
            "mean": 0.6432516660922686,
            "variance": 0.08340429019388082,
            "std": 0.28879800933157557,
            "num_samples": 5800
        },
        "UAV_5_to_1": {
            "mean": 0.4930180724428628,
            "variance": 0.02399487244890824,
            "std": 0.15490278386429418,
            "num_samples": 5800
        },
        "UAV_6_to_1": {
            "mean": 0.6880794630195446,
            "variance": 0.14053077399263614,
            "std": 0.3748743442710319,
            "num_samples": 5800
        }
    }
}