{
    "transient_time": 10.0,
    "timestamp": "2025-11-26 19:03:10",
    "statistics": {
        "UAV_2_to_1": {
            "mean": 0.15478231851138535,
            "variance": 0.0056605643067172305,
            "std": 0.07523672179672125,
            "num_samples": 5800
        },
        "UAV_3_to_1": {
            "mean": 0.19384438681838753,
            "variance": 0.006735432433209315,
            "std": 0.08206968035279116,
            "num_samples": 5800
        },
        "UAV_4_to_1": {
            "mean": 0.18498289530040196,
            "variance": 0.007260560452280803,
            "std": 0.08520892237483586,
            "num_samples": 5800
        },
        "UAV_5_to_1": {
            "mean": 0.14970760463551144,
            "variance": 0.005680724875209734,
            "std": 0.0753705836199358,
            "num_samples": 5800
        },
        "UAV_6_to_1": {
            "mean": 0.238279578152492,
            "variance": 0.010826581797798355,
            "std": 0.10405086159085063,
            "num_samples": 5800
        }
    }
}