{
    "transient_time": 10.0,
    "timestamp": "2025-11-14 17:25:21",
    "statistics": {
        "UAV_2_to_1": {
            "mean": 0.2826984936558112,
            "variance": 0.016308212780036184,
            "std": 0.1277036130265553,
            "num_samples": 5800
        },
        "UAV_3_to_1": {
            "mean": 0.5789461078301512,
            "variance": 0.030189134562100508,
            "std": 0.17375020737282734,
            "num_samples": 5800
        },
        "UAV_4_to_1": {
            "mean": 0.4059228828576592,
            "variance": 0.029695379819429362,
            "std": 0.17232347437139656,
            "num_samples": 5800
        },
        "UAV_5_to_1": {
            "mean": 0.3344105923197247,
            "variance": 0.014421641551278515,
            "std": 0.12009013927578947,
            "num_samples": 5800
        },
        "UAV_6_to_1": {
            "mean": 0.9567325563737888,
            "variance": 0.1664730647565972,
            "std": 0.4080111086191125,
            "num_samples": 5800
        }
    }
}