{
    "transient_time": 10.0,
    "timestamp": "2025-11-14 21:00:25",
    "statistics": {
        "UAV_2_to_1": {
            "mean": 0.14987883980110042,
            "variance": 0.00519938607448974,
            "std": 0.07210676857611732,
            "num_samples": 5800
        },
        "UAV_3_to_1": {
            "mean": 0.09439850474665508,
            "variance": 0.0021094721187364896,
            "std": 0.04592898995989885,
            "num_samples": 5800
        },
        "UAV_4_to_1": {
            "mean": 0.20813036116756828,
            "variance": 0.009572751509410005,
            "std": 0.09784043902911518,
            "num_samples": 5800
        },
        "UAV_5_to_1": {
            "mean": 0.07954840160353424,
            "variance": 0.0009242346713693063,
            "std": 0.03040122812271416,
            "num_samples": 5800
        },
        "UAV_6_to_1": {
            "mean": 0.15848625011410555,
            "variance": 0.00716743983279792,
            "std": 0.08466073371284896,
            "num_samples": 5800
        }
    }
}