{
    "transient_time": 10.0,
    "timestamp": "2025-11-14 21:07:46",
    "statistics": {
        "UAV_2_to_1": {
            "mean": 0.7451074363882565,
            "variance": 0.20669475875998705,
            "std": 0.4546369526996096,
            "num_samples": 5800
        },
        "UAV_3_to_1": {
            "mean": 0.781862418323146,
            "variance": 0.16802488724767434,
            "std": 0.4099083888476477,
            "num_samples": 5800
        },
        "UAV_4_to_1": {
            "mean": 0.7354454278522085,
            "variance": 0.1123927270396378,
            "std": 0.335250245398326,
            "num_samples": 5800
        },
        "UAV_5_to_1": {
            "mean": 0.5494286944541564,
            "variance": 0.10019394790517881,
            "std": 0.31653427603527995,
            "num_samples": 5800
        },
        "UAV_6_to_1": {
            "mean": 1.096964716386675,
            "variance": 0.15952446455340083,
            "std": 0.399405138366297,
            "num_samples": 5800
        }
    }
}