{
    "transient_time": 10.0,
    "timestamp": "2025-11-14 22:01:42",
    "statistics": {
        "UAV_2_to_1": {
            "mean": 0.5945336182781079,
            "variance": 0.05632993220963993,
            "std": 0.2373392765844708,
            "num_samples": 5800
        },
        "UAV_3_to_1": {
            "mean": 0.3913786828177667,
            "variance": 0.01716823492891518,
            "std": 0.13102761132263374,
            "num_samples": 5800
        },
        "UAV_4_to_1": {
            "mean": 0.6891363882654413,
            "variance": 0.08899727819509635,
            "std": 0.2983241160132656,
            "num_samples": 5800
        },
        "UAV_5_to_1": {
            "mean": 0.3796428072191563,
            "variance": 0.019868031272757245,
            "std": 0.14095400410331466,
            "num_samples": 5800
        },
        "UAV_6_to_1": {
            "mean": 0.8007135612725026,
            "variance": 0.10660181951023946,
            "std": 0.326499340750084,
            "num_samples": 5800
        }
    }
}