{
    "transient_time": 10.0,
    "timestamp": "2025-11-25 15:31:07",
    "statistics": {
        "UAV_2_to_1": {
            "mean": 0.3590854608190237,
            "variance": 0.033680156726698086,
            "std": 0.18352154294986212,
            "num_samples": 5800
        },
        "UAV_3_to_1": {
            "mean": 0.26727815933458915,
            "variance": 0.025638546620347428,
            "std": 0.1601204128783942,
            "num_samples": 5800
        },
        "UAV_4_to_1": {
            "mean": 0.4669515861844025,
            "variance": 0.03620388382107738,
            "std": 0.19027318208585617,
            "num_samples": 5800
        },
        "UAV_5_to_1": {
            "mean": 0.7385142357334311,
            "variance": 0.08490457148088754,
            "std": 0.29138389022196737,
            "num_samples": 5800
        },
        "UAV_6_to_1": {
            "mean": 0.8328732472080164,
            "variance": 0.0621408393172812,
            "std": 0.24928064368755387,
            "num_samples": 5800
        }
    }
}