{
    "transient_time": 10.0,
    "timestamp": "2025-11-25 20:24:02",
    "statistics": {
        "UAV_2_to_1": {
            "mean": 0.4176353597671193,
            "variance": 0.02229924618097687,
            "std": 0.14932932123657722,
            "num_samples": 5800
        },
        "UAV_3_to_1": {
            "mean": 0.19851210924303744,
            "variance": 0.006684229810288072,
            "std": 0.08175713920073324,
            "num_samples": 5800
        },
        "UAV_4_to_1": {
            "mean": 0.2419322454011558,
            "variance": 0.012240038645873171,
            "std": 0.11063470814293845,
            "num_samples": 5800
        },
        "UAV_5_to_1": {
            "mean": 0.1747531590266665,
            "variance": 0.004788795417735171,
            "std": 0.06920112295140284,
            "num_samples": 5800
        },
        "UAV_6_to_1": {
            "mean": 0.27033395825860923,
            "variance": 0.01662572665393153,
            "std": 0.12894078739456935,
            "num_samples": 5800
        }
    }
}