{
    "transient_time": 10.0,
    "timestamp": "2025-11-14 21:08:56",
    "statistics": {
        "UAV_2_to_1": {
            "mean": 0.6116795010990669,
            "variance": 0.05883145941504071,
            "std": 0.2425519726059566,
            "num_samples": 5800
        },
        "UAV_3_to_1": {
            "mean": 0.422766547202138,
            "variance": 0.01172849363399811,
            "std": 0.10829817003993239,
            "num_samples": 5800
        },
        "UAV_4_to_1": {
            "mean": 0.4479908082831062,
            "variance": 0.03345645139642414,
            "std": 0.1829110477702868,
            "num_samples": 5800
        },
        "UAV_5_to_1": {
            "mean": 0.46062542759579533,
            "variance": 0.024646913246096275,
            "std": 0.1569933541462704,
            "num_samples": 5800
        },
        "UAV_6_to_1": {
            "mean": 0.9628024450407047,
            "variance": 0.13795374075772793,
            "std": 0.37142124435434215,
            "num_samples": 5800
        }
    }
}