{
    "transient_time": 10.0,
    "timestamp": "2025-11-14 17:29:56",
    "statistics": {
        "UAV_2_to_1": {
            "mean": 0.5323799112429674,
            "variance": 0.024829570814475174,
            "std": 0.1575740169395804,
            "num_samples": 5800
        },
        "UAV_3_to_1": {
            "mean": 0.7012881053134334,
            "variance": 0.11949123422691078,
            "std": 0.34567504137109867,
            "num_samples": 5800
        },
        "UAV_4_to_1": {
            "mean": 0.5538518447064746,
            "variance": 0.04382810099911508,
            "std": 0.20935162048361383,
            "num_samples": 5800
        },
        "UAV_5_to_1": {
            "mean": 0.5267722043479915,
            "variance": 0.062229362448177214,
            "std": 0.2494581376667781,
            "num_samples": 5800
        },
        "UAV_6_to_1": {
            "mean": 1.2340258588456163,
            "variance": 0.3213663412385787,
            "std": 0.5668918249883118,
            "num_samples": 5800
        }
    }
}