{
    "transient_time": 10.0,
    "timestamp": "2025-11-14 21:07:55",
    "statistics": {
        "UAV_2_to_1": {
            "mean": 0.42997640660361347,
            "variance": 0.03083959537334812,
            "std": 0.17561205930501506,
            "num_samples": 5800
        },
        "UAV_3_to_1": {
            "mean": 0.5164051546512163,
            "variance": 0.08172884758929413,
            "std": 0.2858825765752333,
            "num_samples": 5800
        },
        "UAV_4_to_1": {
            "mean": 0.2461094100464441,
            "variance": 0.014467928775031133,
            "std": 0.12028270355720781,
            "num_samples": 5800
        },
        "UAV_5_to_1": {
            "mean": 0.5377396882822104,
            "variance": 0.08914507554542034,
            "std": 0.29857172596449977,
            "num_samples": 5800
        },
        "UAV_6_to_1": {
            "mean": 0.3623742236676632,
            "variance": 0.04166961557351002,
            "std": 0.20413136842119592,
            "num_samples": 5800
        }
    }
}