{
    "transient_time": 10.0,
    "timestamp": "2025-11-14 21:08:03",
    "statistics": {
        "UAV_2_to_1": {
            "mean": 0.6882872657639781,
            "variance": 0.14043960759611424,
            "std": 0.37475272860396125,
            "num_samples": 5800
        },
        "UAV_3_to_1": {
            "mean": 0.48532344218133244,
            "variance": 0.05008982188462212,
            "std": 0.22380755546813455,
            "num_samples": 5800
        },
        "UAV_4_to_1": {
            "mean": 0.2664239294426189,
            "variance": 0.020577043243727472,
            "std": 0.14344700500089735,
            "num_samples": 5800
        },
        "UAV_5_to_1": {
            "mean": 0.2194533791301846,
            "variance": 0.015525029835593644,
            "std": 0.12459947766982671,
            "num_samples": 5800
        },
        "UAV_6_to_1": {
            "mean": 0.37767216704598344,
            "variance": 0.050905397222930075,
            "std": 0.22562224452152335,
            "num_samples": 5800
        }
    }
}