{
    "transient_time": 10.0,
    "timestamp": "2025-11-14 17:23:18",
    "statistics": {
        "UAV_2_to_1": {
            "mean": 0.30194659199878593,
            "variance": 0.01801086576121358,
            "std": 0.1342045668418686,
            "num_samples": 5800
        },
        "UAV_3_to_1": {
            "mean": 0.5517505441862505,
            "variance": 0.03618606629462657,
            "std": 0.19022635541540128,
            "num_samples": 5800
        },
        "UAV_4_to_1": {
            "mean": 0.7050299160000035,
            "variance": 0.03860298077096947,
            "std": 0.19647641275982589,
            "num_samples": 5800
        },
        "UAV_5_to_1": {
            "mean": 0.335548721750156,
            "variance": 0.038987255760056766,
            "std": 0.19745190746117589,
            "num_samples": 5800
        },
        "UAV_6_to_1": {
            "mean": 0.6745239505802799,
            "variance": 0.08615095171009592,
            "std": 0.2935148236632963,
            "num_samples": 5800
        }
    }
}