{
    "transient_time": 10.0,
    "timestamp": "2025-11-14 21:08:41",
    "statistics": {
        "UAV_2_to_1": {
            "mean": 0.8041107076030078,
            "variance": 0.12259252556856684,
            "std": 0.3501321544339606,
            "num_samples": 5800
        },
        "UAV_3_to_1": {
            "mean": 0.7997797547370282,
            "variance": 0.07115625304798823,
            "std": 0.26675129436984596,
            "num_samples": 5800
        },
        "UAV_4_to_1": {
            "mean": 0.9109247043334823,
            "variance": 0.06512327122308093,
            "std": 0.25519261592585496,
            "num_samples": 5800
        },
        "UAV_5_to_1": {
            "mean": 0.836960379512799,
            "variance": 0.11621272116501735,
            "std": 0.3408998697051927,
            "num_samples": 5800
        },
        "UAV_6_to_1": {
            "mean": 0.6413613192030788,
            "variance": 0.05845278210045876,
            "std": 0.24177010175052407,
            "num_samples": 5800
        }
    }
}